business_name,url
Flightscope,/organization/flightscope
Ernest Sports,/organization/ernest-sports
Foresight Sports,/organization/foresight-sports
TruGolf,/organization/trugolf
Full Swing Golf,/organization/full-swing-golf
aboutGolf Limited,/organization/aboutgolf-limited
